model,Precision,Recall,F1-Score,ROC-AUC,FPR,FNR
Statistical Threshold (mean+2σ),0.789795918367347,0.8876146788990825,0.8358531317494601,0.9846170156341083,0.028088355604035997,0.11238532110091744
Isolation Forest (unsupervised),0.6672932330827067,0.8142201834862385,0.7334710743801653,0.9703151464962735,0.0482683392418871,0.18577981651376146
Random Forest (supervised),0.9845360824742269,0.8761467889908257,0.9271844660194175,0.9971062889195228,0.001636214889555495,0.12385321100917432
