model,Precision,Recall,F1-Score,ROC-AUC
Random Threshold (heuristic),0.34770114942528735,0.9236641221374046,0.5052192066805845,0.9754041650330942
Isolation Forest (unsupervised),0.30414746543778803,0.5038167938931297,0.3793103448275862,0.9416411060630522
Random Forest (supervised),0.9008264462809917,0.8320610687022901,0.8650793650793651,0.9897853678036331
