model,Precision,Recall,F1-Score,ROC-AUC,FPR,FNR
Random Threshold (heuristic),0.7068965517241379,0.9403669724770642,0.8070866141732284,0.9846170156341083,0.04635942187073902,0.05963302752293578
Isolation Forest (unsupervised),0.6672932330827067,0.8142201834862385,0.7334710743801653,0.9703151464962735,0.0482683392418871,0.18577981651376146
Random Forest (supervised),0.9845360824742269,0.8761467889908257,0.9271844660194175,0.9971062889195228,0.001636214889555495,0.12385321100917432
