metric,baseline_mean,baseline_std,attack_mean,attack_std,unit
cpu_usage,0.6117273688982923,7.748052156475264,0.908256880733945,9.438962569728089,%
ram_usage,887.1673952390622,36.83355413393482,879.59375,0.0,MiB
inference_latency,7.803316233037653,4.334818936487405,8.356984130760384,5.047511686318505,ms
