metric,baseline_mean,baseline_std,attack_mean,attack_std,unit
cpu_usage,0.6651277013752457,8.083405501027677,1.1357798165137614,10.545104285491263,%
ram_usage,891.8040322275956,36.402076816519894,884.50390625,0.0,MiB
inference_latency,7.668688642138886,4.451624208597785,7.92071683257612,4.560795461026718,ms
