Feature,Importance
flow_count,0.5866917975322979
avg_bytes,0.2986388958641201
duration,0.11466930660358184
