contamination,precision,recall,f1_score,roc_auc
0.005,0.0,0.0,0.0,0.8226744810766817
0.01,0.0,0.0,0.0,0.8226744810766817
0.02,0.0,0.0,0.0,0.8226744810766817
0.05,0.11838440111420613,0.5848623853211009,0.1969111969111969,0.8226744810766817
0.1,0.03760180211401837,0.9954128440366973,0.07246618801135415,0.8226744810766817
0.15,0.036234902124114954,0.9977064220183486,0.06993006993006994,0.8226744810766817
0.2,0.035661583866207575,0.9977064220183486,0.06886180148804813,0.8226744810766817
